{
  "best_global_step": null,
  "best_metric": null,
  "best_model_checkpoint": null,
  "epoch": 1.0,
  "eval_steps": 500,
  "global_step": 1756,
  "is_hyper_param_search": false,
  "is_local_process_zero": true,
  "is_world_process_zero": true,
  "log_history": [
    {
      "epoch": 0.2847380410022779,
      "grad_norm": 4.5411200523376465,
      "learning_rate": 1.810554290053151e-05,
      "loss": 0.2762,
      "step": 500
    },
    {
      "epoch": 0.5694760820045558,
      "grad_norm": 0.13697116076946259,
      "learning_rate": 1.620728929384966e-05,
      "loss": 0.1055,
      "step": 1000
    },
    {
      "epoch": 0.8542141230068337,
      "grad_norm": 3.2405471801757812,
      "learning_rate": 1.4309035687167807e-05,
      "loss": 0.0807,
      "step": 1500
    },
    {
      "epoch": 1.0,
      "eval_accuracy": 0.9805478805381614,
      "eval_f1": 0.9130958283164529,
      "eval_loss": 0.07155615091323853,
      "eval_precision": 0.9014123898755418,
      "eval_recall": 0.9250861079219288,
      "eval_runtime": 10.0048,
      "eval_samples_per_second": 324.843,
      "eval_steps_per_second": 40.68,
      "step": 1756
    }
  ],
  "logging_steps": 500,
  "max_steps": 5268,
  "num_input_tokens_seen": 0,
  "num_train_epochs": 3,
  "save_steps": 500,
  "stateful_callbacks": {
    "TrainerControl": {
      "args": {
        "should_epoch_stop": false,
        "should_evaluate": false,
        "should_log": false,
        "should_save": true,
        "should_training_stop": false
      },
      "attributes": {}
    }
  },
  "total_flos": 322280951057856.0,
  "train_batch_size": 8,
  "trial_name": null,
  "trial_params": null
}
